<?xml version='1.0' encoding='UTF-8'?>
<?artifactRepository version='1.1.0'?>
<repository name='Bundle pool' type='org.eclipse.equinox.p2.artifact.repository.simpleRepository' version='1'>
  <properties size='2'>
    <property name='p2.system' value='true'/>
    <property name='p2.timestamp' value='1471950664173'/>
  </properties>
  <mappings size='3'>
    <rule filter='(&amp; (classifier=osgi.bundle))' output='${repoUrl}/plugins/${id}_${version}.jar'/>
    <rule filter='(&amp; (classifier=binary))' output='${repoUrl}/binary/${id}_${version}'/>
    <rule filter='(&amp; (classifier=org.eclipse.update.feature))' output='${repoUrl}/features/${id}_${version}.jar'/>
  </mappings>
  <artifacts size='80'>
    <artifact classifier='osgi.bundle' id='org.eclipse.emf.ecore.xmi' version='2.12.0.v20160420-0247'>
      <properties size='1'>
        <property name='download.size' value='230424'/>
      </properties>
    </artifact>
    <artifact classifier='osgi.bundle' id='org.eclipse.ui.editors' version='3.10.0.v20160505-0931'>
      <properties size='1'>
        <property name='download.size' value='610992'/>
      </properties>
    </artifact>
    <artifact classifier='osgi.bundle' id='org.eclipse.e4.ui.widgets' version='1.1.100.v20160506-0759'>
      <properties size='1'>
        <property name='download.size' value='15378'/>
      </properties>
    </artifact>
    <artifact classifier='osgi.bundle' id='org.eclipse.e4.ui.workbench.renderers.swt' version='0.14.0.v20160525-0940'>
      <properties size='1'>
        <property name='download.size' value='299608'/>
      </properties>
    </artifact>
    <artifact classifier='osgi.bundle' id='org.eclipse.emf.ecore' version='2.12.0.v20160420-0247'>
      <properties size='1'>
        <property name='download.size' value='1190945'/>
      </properties>
    </artifact>
    <artifact classifier='osgi.bundle' id='org.eclipse.e4.ui.bindings' version='0.11.100.v20160509-1025'>
      <properties size='1'>
        <property name='download.size' value='50737'/>
      </properties>
    </artifact>
    <artifact classifier='osgi.bundle' id='org.eclipse.e4.core.di.annotations' version='1.5.0.v20151127-1241'>
      <properties size='1'>
        <property name='download.size' value='11738'/>
      </properties>
    </artifact>
    <artifact classifier='osgi.bundle' id='org.eclipse.e4.emf.xpath' version='0.1.200.v20160506-0804'>
      <properties size='1'>
        <property name='download.size' value='50089'/>
      </properties>
    </artifact>
    <artifact classifier='osgi.bundle' id='org.eclipse.e4.ui.workbench3' version='0.13.100.v20160506-0759'>
      <properties size='1'>
        <property name='download.size' value='10954'/>
      </properties>
    </artifact>
    <artifact classifier='osgi.bundle' id='org.eclipse.core.resources' version='3.11.0.v20160503-1608'>
      <properties size='1'>
        <property name='download.size' value='882636'/>
      </properties>
    </artifact>
    <artifact classifier='osgi.bundle' id='org.eclipse.e4.ui.model.workbench' version='1.2.0.v20160229-1459'>
      <properties size='1'>
        <property name='download.size' value='385199'/>
      </properties>
    </artifact>
    <artifact classifier='osgi.bundle' id='org.eclipse.e4.ui.services' version='1.2.100.v20160506-0759'>
      <properties size='1'>
        <property name='download.size' value='28151'/>
      </properties>
    </artifact>
    <artifact classifier='osgi.bundle' id='org.eclipse.e4.core.di.extensions' version='0.14.0.v20160211-1614'>
      <properties size='1'>
        <property name='download.size' value='27795'/>
      </properties>
    </artifact>
    <artifact classifier='osgi.bundle' id='org.eclipse.jface.text' version='3.11.0.v20160505-1301'>
      <properties size='1'>
        <property name='download.size' value='1070168'/>
      </properties>
    </artifact>
    <artifact classifier='osgi.bundle' id='org.w3c.dom.events' version='3.0.0.draft20060413_v201105210656'>
      <properties size='1'>
        <property name='download.size' value='18205'/>
      </properties>
    </artifact>
    <artifact classifier='osgi.bundle' id='org.eclipse.e4.core.di' version='1.6.0.v20160319-0612'>
      <properties size='1'>
        <property name='download.size' value='54611'/>
      </properties>
    </artifact>
    <artifact classifier='osgi.bundle' id='org.eclipse.equinox.preferences' version='3.6.0.v20160120-1756'>
      <properties size='1'>
        <property name='download.size' value='133106'/>
      </properties>
    </artifact>
    <artifact classifier='osgi.bundle' id='org.eclipse.osgi' version='3.11.0.v20160603-1336'>
      <properties size='1'>
        <property name='download.size' value='1384255'/>
      </properties>
    </artifact>
    <artifact classifier='osgi.bundle' id='org.eclipse.emf.common' version='2.12.0.v20160420-0247'>
      <properties size='1'>
        <property name='download.size' value='357670'/>
      </properties>
    </artifact>
    <artifact classifier='osgi.bundle' id='org.eclipse.help' version='3.7.0.v20160602-1307'>
      <properties size='1'>
        <property name='download.size' value='269916'/>
      </properties>
    </artifact>
    <artifact classifier='osgi.bundle' id='org.eclipse.core.databinding.observable' version='1.6.0.v20160511-1747'>
      <properties size='1'>
        <property name='download.size' value='354911'/>
      </properties>
    </artifact>
    <artifact classifier='osgi.bundle' id='org.eclipse.ui.ide' version='3.12.0.v20160601-1609'>
      <properties size='1'>
        <property name='download.size' value='2383537'/>
      </properties>
    </artifact>
    <artifact classifier='osgi.bundle' id='org.eclipse.equinox.common' version='3.8.0.v20160509-1230'>
      <properties size='1'>
        <property name='download.size' value='120435'/>
      </properties>
    </artifact>
    <artifact classifier='osgi.bundle' id='org.eclipse.core.databinding' version='1.6.0.v20160412-0910'>
      <properties size='1'>
        <property name='download.size' value='204409'/>
      </properties>
    </artifact>
    <artifact classifier='osgi.bundle' id='org.eclipse.e4.core.contexts' version='1.5.0.v20160504-0909'>
      <properties size='1'>
        <property name='download.size' value='48129'/>
      </properties>
    </artifact>
    <artifact classifier='osgi.bundle' id='org.eclipse.equinox.registry' version='3.6.100.v20160223-2218'>
      <properties size='1'>
        <property name='download.size' value='186860'/>
      </properties>
    </artifact>
    <artifact classifier='osgi.bundle' id='org.eclipse.jface.databinding' version='1.8.0.v20160420-2231'>
      <properties size='1'>
        <property name='download.size' value='290956'/>
      </properties>
    </artifact>
    <artifact classifier='osgi.bundle' id='org.eclipse.equinox.bidi' version='1.0.0.v20160307-1318'>
      <properties size='1'>
        <property name='download.size' value='49755'/>
      </properties>
    </artifact>
    <artifact classifier='osgi.bundle' id='org.eclipse.core.filebuffers' version='3.6.0.v20160503-1849'>
      <properties size='1'>
        <property name='download.size' value='122203'/>
      </properties>
    </artifact>
    <artifact classifier='osgi.bundle' id='org.eclipse.swt' version='3.105.0.v20160603-0902'>
      <properties size='1'>
        <property name='download.size' value='19639'/>
      </properties>
    </artifact>
    <artifact classifier='osgi.bundle' id='org.eclipse.equinox.p2.metadata.repository' version='1.2.300.v20160419-0834'>
      <properties size='1'>
        <property name='download.size' value='122479'/>
      </properties>
    </artifact>
    <artifact classifier='osgi.bundle' id='org.tukaani.xz' version='1.3.0.v201308270617'>
      <properties size='1'>
        <property name='download.size' value='109753'/>
      </properties>
    </artifact>
    <artifact classifier='osgi.bundle' id='org.apache.batik.util' version='1.7.0.v201011041433'>
      <properties size='1'>
        <property name='download.size' value='158140'/>
      </properties>
    </artifact>
    <artifact classifier='osgi.bundle' id='org.w3c.dom.svg' version='1.1.0.v201011041433'>
      <properties size='1'>
        <property name='download.size' value='97382'/>
      </properties>
    </artifact>
    <artifact classifier='osgi.bundle' id='org.apache.batik.css' version='1.7.0.v201011041433'>
      <properties size='1'>
        <property name='download.size' value='356012'/>
      </properties>
    </artifact>
    <artifact classifier='osgi.bundle' id='org.eclipse.e4.core.services' version='2.0.100.v20160509-1032'>
      <properties size='1'>
        <property name='download.size' value='54479'/>
      </properties>
    </artifact>
    <artifact classifier='osgi.bundle' id='org.eclipse.emf.ecore.change' version='2.11.0.v20160420-0247'>
      <properties size='1'>
        <property name='download.size' value='87096'/>
      </properties>
    </artifact>
    <artifact classifier='osgi.bundle' id='org.eclipse.e4.ui.di' version='1.1.100.v20160506-0759'>
      <properties size='1'>
        <property name='download.size' value='16800'/>
      </properties>
    </artifact>
    <artifact classifier='osgi.bundle' id='org.eclipse.ui.workbench' version='3.108.0.v20160602-1232'>
      <properties size='1'>
        <property name='download.size' value='4037195'/>
      </properties>
    </artifact>
    <artifact classifier='osgi.bundle' id='org.eclipse.core.runtime' version='3.12.0.v20160606-1342'>
      <properties size='1'>
        <property name='download.size' value='75728'/>
      </properties>
    </artifact>
    <artifact classifier='osgi.bundle' id='org.eclipse.equinox.p2.core' version='2.4.100.v20160419-0834'>
      <properties size='1'>
        <property name='download.size' value='73322'/>
      </properties>
    </artifact>
    <artifact classifier='osgi.bundle' id='org.eclipse.core.commands' version='3.8.0.v20160316-1921'>
      <properties size='1'>
        <property name='download.size' value='115077'/>
      </properties>
    </artifact>
    <artifact classifier='osgi.bundle' id='org.eclipse.core.filesystem' version='1.6.0.v20160503-1608'>
      <properties size='1'>
        <property name='download.size' value='66465'/>
      </properties>
    </artifact>
    <artifact classifier='osgi.bundle' id='org.eclipse.ui' version='3.108.0.v20160518-1929'>
      <properties size='1'>
        <property name='download.size' value='396048'/>
      </properties>
    </artifact>
    <artifact classifier='osgi.bundle' id='javax.xml' version='1.3.4.v201005080400'>
      <properties size='1'>
        <property name='download.size' value='252201'/>
      </properties>
    </artifact>
    <artifact classifier='osgi.bundle' id='org.w3c.dom.smil' version='1.0.1.v200903091627'>
      <properties size='1'>
        <property name='download.size' value='20106'/>
      </properties>
    </artifact>
    <artifact classifier='osgi.bundle' id='org.apache.commons.jxpath' version='1.3.0.v200911051830'>
      <properties size='1'>
        <property name='download.size' value='315491'/>
      </properties>
    </artifact>
    <artifact classifier='osgi.bundle' id='org.eclipse.equinox.app' version='1.3.400.v20150715-1528'>
      <properties size='1'>
        <property name='download.size' value='87766'/>
      </properties>
    </artifact>
    <artifact classifier='osgi.bundle' id='org.apache.batik.util.gui' version='1.7.0.v200903091627'>
      <properties size='1'>
        <property name='download.size' value='212351'/>
      </properties>
    </artifact>
    <artifact classifier='osgi.bundle' id='org.eclipse.core.jobs' version='3.8.0.v20160509-0411'>
      <properties size='1'>
        <property name='download.size' value='111093'/>
      </properties>
    </artifact>
    <artifact classifier='osgi.bundle' id='javax.inject' version='1.0.0.v20091030'>
      <properties size='1'>
        <property name='download.size' value='16996'/>
      </properties>
    </artifact>
    <artifact classifier='osgi.bundle' id='org.eclipse.text' version='3.6.0.v20160503-1849'>
      <properties size='1'>
        <property name='download.size' value='269227'/>
      </properties>
    </artifact>
    <artifact classifier='osgi.bundle' id='org.eclipse.core.contenttype' version='3.5.100.v20160418-1621'>
      <properties size='1'>
        <property name='download.size' value='101190'/>
      </properties>
    </artifact>
    <artifact classifier='osgi.bundle' id='msgRcp' version='1.0.1.201608231110'>
      <properties size='1'>
        <property name='download.size' value='5945456'/>
      </properties>
    </artifact>
    <artifact classifier='osgi.bundle' id='org.eclipse.equinox.security' version='1.2.200.v20150715-1528'>
      <properties size='1'>
        <property name='download.size' value='109600'/>
      </properties>
    </artifact>
    <artifact classifier='osgi.bundle' id='org.eclipse.core.expressions' version='3.5.100.v20160418-1621'>
      <properties size='1'>
        <property name='download.size' value='91504'/>
      </properties>
    </artifact>
    <artifact classifier='osgi.bundle' id='org.eclipse.equinox.p2.repository' version='2.3.200.v20160421-0324'>
      <properties size='1'>
        <property name='download.size' value='134293'/>
      </properties>
    </artifact>
    <artifact classifier='osgi.bundle' id='org.eclipse.core.databinding.property' version='1.6.0.v20160427-0852'>
      <properties size='1'>
        <property name='download.size' value='196421'/>
      </properties>
    </artifact>
    <artifact classifier='osgi.bundle' id='org.eclipse.equinox.ds' version='1.4.400.v20160226-2036'>
      <properties size='1'>
        <property name='download.size' value='196894'/>
      </properties>
    </artifact>
    <artifact classifier='osgi.bundle' id='org.eclipse.e4.ui.workbench.addons.swt' version='1.2.100.v20160506-0759'>
      <properties size='1'>
        <property name='download.size' value='151908'/>
      </properties>
    </artifact>
    <artifact classifier='osgi.bundle' id='org.eclipse.e4.ui.workbench.swt' version='0.14.0.v20160523-1900'>
      <properties size='1'>
        <property name='download.size' value='191768'/>
      </properties>
    </artifact>
    <artifact classifier='osgi.bundle' id='org.eclipse.e4.ui.css.core' version='0.12.0.v20160505-1310'>
      <properties size='1'>
        <property name='download.size' value='215801'/>
      </properties>
    </artifact>
    <artifact classifier='osgi.bundle' id='org.eclipse.equinox.p2.engine' version='2.4.100.v20160419-0834'>
      <properties size='1'>
        <property name='download.size' value='207690'/>
      </properties>
    </artifact>
    <artifact classifier='osgi.bundle' id='org.eclipse.e4.ui.css.swt.theme' version='0.10.100.v20160523-0836'>
      <properties size='1'>
        <property name='download.size' value='27497'/>
      </properties>
    </artifact>
    <artifact classifier='osgi.bundle' id='org.eclipse.equinox.launcher.gtk.linux.x86_64' version='1.1.400.v20160518-1444'>
      <properties size='1'>
        <property name='download.size' value='84801'/>
      </properties>
      <repositoryProperties size='1'>
        <property name='artifact.folder' value='true'/>
      </repositoryProperties>
    </artifact>
    <artifact classifier='osgi.bundle' id='org.eclipse.ui.workbench.texteditor' version='3.10.0.v20160530-2011'>
      <properties size='1'>
        <property name='download.size' value='667545'/>
      </properties>
    </artifact>
    <artifact classifier='org.eclipse.update.feature' id='msgFeature' version='1.0.0.201608231110'>
      <properties size='1'>
        <property name='download.size' value='751'/>
      </properties>
      <repositoryProperties size='1'>
        <property name='artifact.folder' value='true'/>
      </repositoryProperties>
    </artifact>
    <artifact classifier='osgi.bundle' id='org.w3c.css.sac' version='1.3.1.v200903091627'>
      <properties size='1'>
        <property name='download.size' value='38584'/>
      </properties>
    </artifact>
    <artifact classifier='osgi.bundle' id='org.eclipse.osgi.services' version='3.5.100.v20160504-1419'>
      <properties size='1'>
        <property name='download.size' value='111152'/>
      </properties>
    </artifact>
    <artifact classifier='osgi.bundle' id='org.eclipse.e4.core.commands' version='0.11.100.v20160506-0804'>
      <properties size='1'>
        <property name='download.size' value='26000'/>
      </properties>
    </artifact>
    <artifact classifier='osgi.bundle' id='org.eclipse.e4.ui.css.swt' version='0.12.100.v20160517-1505'>
      <properties size='1'>
        <property name='download.size' value='259445'/>
      </properties>
    </artifact>
    <artifact classifier='osgi.bundle' id='org.eclipse.equinox.event' version='1.3.200.v20160324-1850'>
      <properties size='1'>
        <property name='download.size' value='34366'/>
      </properties>
    </artifact>
    <artifact classifier='osgi.bundle' id='org.eclipse.equinox.launcher' version='1.3.200.v20160318-1642'>
      <properties size='1'>
        <property name='download.size' value='51690'/>
      </properties>
    </artifact>
    <artifact classifier='osgi.bundle' id='com.ibm.icu.base' version='56.1.0.v201601250100'>
      <properties size='1'>
        <property name='download.size' value='183737'/>
      </properties>
    </artifact>
    <artifact classifier='osgi.bundle' id='org.eclipse.equinox.util' version='1.0.500.v20130404-1337'>
      <properties size='1'>
        <property name='download.size' value='77932'/>
      </properties>
    </artifact>
    <artifact classifier='osgi.bundle' id='org.eclipse.jface' version='3.12.0.v20160518-1929'>
      <properties size='1'>
        <property name='download.size' value='1086650'/>
      </properties>
    </artifact>
    <artifact classifier='osgi.bundle' id='org.eclipse.swt.gtk.linux.x86_64' version='3.105.0.v20160603-0902'>
      <properties size='1'>
        <property name='download.size' value='2765006'/>
      </properties>
    </artifact>
    <artifact classifier='osgi.bundle' id='org.eclipse.equinox.p2.metadata' version='2.3.100.v20160427-2220'>
      <properties size='1'>
        <property name='download.size' value='343607'/>
      </properties>
    </artifact>
    <artifact classifier='osgi.bundle' id='org.eclipse.compare.core' version='3.6.0.v20160418-1534'>
      <properties size='1'>
        <property name='download.size' value='66969'/>
      </properties>
    </artifact>
    <artifact classifier='osgi.bundle' id='org.eclipse.e4.ui.workbench' version='1.4.0.v20160517-1624'>
      <properties size='1'>
        <property name='download.size' value='249245'/>
      </properties>
    </artifact>
  </artifacts>
</repository>
